{"val_loss": [0.19689206191722083, 0.18912024318295367, 0.19856454982038807, 0.19836687763385913, 0.1919590838472633, 0.19079696220510145, 0.1953191168168012, 0.1897633244009579, 0.19400306869955625, 0.19041684655582203, 0.1942717159495634, 0.1908187375349157], "val_acc": [0.9529411764705882, 0.9529411764705882, 0.9529411764705882, 0.9529411764705882, 0.9529411764705882, 0.9529411764705882, 0.9529411764705882, 0.9529411764705882, 0.9529411764705882, 0.9529411764705882, 0.9529411764705882, 0.9529411764705882], "loss": [0.3886977991542301, 0.2526656855602522, 0.2854171938187367, 0.26128011595558476, 0.2530123796817419, 0.24355503014616064, 0.23890670860135876, 0.24816351935670183, 0.25586753004306073, 0.27987796994479924, 0.24113850271379625, 0.23321226658047856], "acc": [0.9067567567567567, 0.9391891891891891, 0.9391891891891891, 0.9391891891891891, 0.9391891891891891, 0.9391891891891891, 0.9391891891891891, 0.9391891891891891, 0.9391891891891891, 0.9391891891891891, 0.9391891891891891, 0.9391891891891891]}